filename,xmin,ymin,xmax,ymax,class_id,new_split
image_id_000_.jpg,0.4734375,0.790625,0.5125,0.846875,1.0,train
image_id_001_.jpg,0.6109375,0.434375,0.7109375,0.4734375,2.0,train
image_id_002_.jpg,0.4890625,0.6640625,0.5734375,0.721875,2.0,train
image_id_003_.jpg,0.4890625,0.5625,0.5578125,0.6375,2.0,train
image_id_005_.jpg,0.465625,0.396875,0.5421875,0.4796875,2.0,train
image_id_006_.jpg,0.425,0.43125,0.5234375,0.5,1.0,train
image_id_007_.jpg,0.4921875,0.4609375,0.54375,0.6015625,1.0,train
image_id_008_.jpg,0.4703125,0.4234375,0.534375,0.540625,1.0,train
image_id_009_.jpg,0.4765625,0.4765625,0.528125,0.625,1.0,train
image_id_011_.jpg,0.4859375,0.36875,0.540625,0.515625,1.0,train
image_id_012_.jpg,0.4078125,0.5546875,0.5640625,0.60625,2.0,train
image_id_013_.jpg,0.465625,0.471875,0.5203125,0.63125,1.0,train
image_id_014_.jpg,0.425,0.4734375,0.571875,0.5359375,2.0,train
image_id_015_.jpg,0.128125,0.5359375,0.2640625,0.6046875,1.0,train
image_id_017_.jpg,0.4421875,0.4421875,0.5015625,0.603125,1.0,train
image_id_018_.jpg,0.33125,0.6359375,0.39375,0.803125,1.0,train
image_id_019_.jpg,0.4640625,0.41875,0.5265625,0.5859375,1.0,train
image_id_020_.jpg,0.4171875,0.6515625,0.575,0.7203125,2.0,train
image_id_021_.jpg,0.5234375,0.640625,0.646875,0.734375,2.0,train
image_id_022_.jpg,0.4078125,0.471875,0.540625,0.559375,2.0,train
image_id_023_.jpg,0.428125,0.475,0.5703125,0.559375,1.0,train
image_id_025_.jpg,0.4421875,0.46875,0.61875,0.5375,1.0,train
image_id_026_.jpg,0.4515625,0.340625,0.5609375,0.453125,1.0,train
image_id_027_.jpg,0.4140625,0.4625,0.5515625,0.553125,1.0,train
image_id_028_.jpg,0.35,0.475,0.5046875,0.55625,2.0,train
image_id_029_.jpg,0.4515625,0.453125,0.5890625,0.5453125,2.0,train
image_id_030_.jpg,0.63125,0.3796875,0.7359375,0.5015625,2.0,train
image_id_031_.jpg,0.503125,0.64375,0.6421875,0.7359375,2.0,train
image_id_032_.jpg,0.540625,0.609375,0.65625,0.7390625,2.0,train
image_id_035_.jpg,0.4640625,0.40625,0.5671875,0.5828125,1.0,train
image_id_036_.jpg,0.7234375,0.596875,0.8359375,0.759375,1.0,train
image_id_039_.jpg,0.1875,0.5015625,0.3265625,0.653125,2.0,train
image_id_040_.jpg,0.4671875,0.3984375,0.6078125,0.5484375,2.0,train
image_id_041_.jpg,0.4671875,0.5671875,0.66875,0.6796875,2.0,train
image_id_042_.jpg,0.4828125,0.4640625,0.61875,0.6359375,2.0,train
image_id_044_.jpg,0.41875,0.5203125,0.54375,0.7171875,1.0,train
image_id_045_.jpg,0.8140625,0.4109375,0.9234375,0.653125,1.0,train
image_id_046_.jpg,0.25625,0.44375,0.5,0.5578125,2.0,train
image_id_047_.jpg,0.446875,0.484375,0.6234375,0.6546875,1.0,train
image_id_048_.jpg,0.153125,0.428125,0.2484375,0.7453125,1.0,train
image_id_049_.jpg,0.51875,0.409375,0.6703125,0.6125,1.0,train
image_id_051_.jpg,0.4546875,0.53125,0.5875,0.7859375,1.0,train
image_id_052_.jpg,0.2453125,0.384375,0.6015625,0.48125,2.0,train
image_id_053_.jpg,0.4609375,0.45,0.6375,0.646875,2.0,train
image_id_055_.jpg,0.128125,0.5875,0.45,0.6984375,2.0,train
image_id_056_.jpg,0.6375,0.3546875,0.90625,0.490625,2.0,train
image_id_057_.jpg,0.6140625,0.3921875,0.7234375,0.7484375,1.0,train
image_id_058_.jpg,0.3875,0.4046875,0.6109375,0.58125,2.0,train
image_id_059_.jpg,0.403125,0.459375,0.55,0.73125,1.0,train
image_id_060_.jpg,0.315625,0.3875,0.5125,0.59375,2.0,train
image_id_061_.jpg,0.253125,0.4984375,0.4984375,0.665625,2.0,train
image_id_062_.jpg,0.2265625,0.5828125,0.4609375,0.7609375,1.0,train
image_id_063_.jpg,0.39375,0.5484375,0.7015625,0.684375,1.0,train
image_id_064_.jpg,0.3453125,0.2796875,0.4765625,0.6015625,1.0,train
image_id_065_.jpg,0.36875,0.5515625,0.5609375,0.775,1.0,train
image_id_067_.jpg,0.43125,0.3140625,0.5375,0.7421875,1.0,train
image_id_068_.jpg,0.50625,0.59375,0.8046875,0.746875,2.0,train
image_id_069_.jpg,0.3578125,0.5609375,0.5828125,0.765625,1.0,train
image_id_070_.jpg,0.246875,0.640625,0.4359375,0.8859375,1.0,train
image_id_071_.jpg,0.75625,0.309375,0.921875,0.5953125,1.0,train
image_id_072_.jpg,0.40625,0.478125,0.584375,0.7484375,1.0,train
image_id_074_.jpg,0.4953125,0.6375,0.8265625,0.7859375,2.0,train
image_id_077_.jpg,0.334375,0.3453125,0.6546875,0.503125,2.0,train
image_id_078_.jpg,0.490625,0.471875,0.6375,0.8171875,1.0,train
image_id_079_.jpg,0.496875,0.4015625,0.7546875,0.5984375,2.0,train
image_id_080_.jpg,0.559375,0.328125,0.7984375,0.5421875,1.0,train
image_id_081_.jpg,0.465625,0.740625,0.753125,0.9234375,2.0,train
image_id_082_.jpg,0.2515625,0.5734375,0.5296875,0.7625,2.0,train
image_id_083_.jpg,0.3953125,0.465625,0.628125,0.69375,2.0,train
image_id_084_.jpg,0.4625,0.39375,0.6703125,0.6734375,2.0,train
image_id_085_.jpg,0.35,0.4,0.66875,0.5828125,2.0,train
image_id_087_.jpg,0.0453125,0.2421875,0.35625,0.4375,2.0,train
image_id_088_.jpg,0.425,0.315625,0.6625,0.575,2.0,train
image_id_089_.jpg,0.071875,0.2046875,0.296875,0.484375,1.0,train
image_id_091_.jpg,0.3640625,0.64375,0.7421875,0.8109375,2.0,train
image_id_093_.jpg,0.56875,0.221875,0.75625,0.565625,1.0,train
image_id_094_.jpg,0.1046875,0.4890625,0.6390625,0.6109375,2.0,train
image_id_095_.jpg,0.3484375,0.4,0.7125,0.58125,1.0,train
image_id_096_.jpg,0.253125,0.21875,0.671875,0.3765625,2.0,train
image_id_097_.jpg,0.48125,0.4234375,0.7546875,0.665625,2.0,train
image_id_098_.jpg,0.4421875,0.378125,0.565625,0.9171875,1.0,train
image_id_099_.jpg,0.4203125,0.2515625,0.58125,0.6671875,1.0,train
image_id_100_.jpg,0.346875,0.3921875,0.5859375,0.6734375,1.0,train
image_id_101_.jpg,0.4796875,0.4328125,0.8453125,0.61875,2.0,train
image_id_102_.jpg,0.25625,0.3984375,0.6328125,0.5796875,2.0,train
image_id_103_.jpg,0.3890625,0.3546875,0.540625,0.8140625,1.0,train
image_id_104_.jpg,0.3375,0.58125,0.6484375,0.8078125,2.0,train
image_id_105_.jpg,0.109375,0.5515625,0.4578125,0.7546875,2.0,train
image_id_107_.jpg,0.5859375,0.5296875,0.7953125,0.871875,1.0,train
image_id_108_.jpg,0.571875,0.25,1.0,0.41875,2.0,train
image_id_109_.jpg,0.446875,0.503125,0.6890625,0.8015625,2.0,train
image_id_111_.jpg,0.403125,0.4265625,0.6015625,0.7953125,1.0,train
image_id_113_.jpg,0.515625,0.3125,0.725,0.6765625,1.0,train
image_id_114_.jpg,0.3046875,0.51875,0.7234375,0.7015625,2.0,train
image_id_116_.jpg,0.271875,0.3828125,0.64375,0.5890625,2.0,train
image_id_117_.jpg,0.3703125,0.4078125,0.5390625,0.8625,1.0,train
image_id_118_.jpg,0.2671875,0.5953125,0.5515625,0.865625,1.0,train
image_id_119_.jpg,0.340625,0.4265625,0.6359375,0.6875,2.0,train
image_id_120_.jpg,0.359375,0.36875,0.65,0.6359375,2.0,train
image_id_121_.jpg,0.7171875,0.3765625,0.94375,0.7203125,1.0,train
image_id_123_.jpg,0.321875,0.371875,0.6015625,0.6515625,2.0,train
image_id_125_.jpg,0.3125,0.4421875,0.634375,0.6859375,2.0,train
image_id_126_.jpg,0.315625,0.396875,0.4875,0.8546875,1.0,train
image_id_127_.jpg,0.365625,0.346875,0.5171875,0.878125,1.0,train
image_id_128_.jpg,0.2609375,0.4171875,0.7109375,0.596875,2.0,train
image_id_130_.jpg,0.375,0.2875,0.61875,0.6203125,1.0,train
image_id_131_.jpg,0.3734375,0.3859375,0.553125,0.8390625,1.0,train
image_id_132_.jpg,0.13125,0.2125,0.5671875,0.4,2.0,train
image_id_133_.jpg,0.3171875,0.46875,0.7015625,0.684375,2.0,train
image_id_134_.jpg,0.13125,0.578125,0.38125,0.9125,2.0,train
image_id_135_.jpg,0.3421875,0.378125,0.6046875,0.696875,2.0,train
image_id_136_.jpg,0.315625,0.353125,0.6359375,0.615625,2.0,train
image_id_137_.jpg,0.56875,0.3484375,0.7890625,0.7328125,1.0,train
image_id_138_.jpg,0.453125,0.4578125,0.7640625,0.73125,2.0,train
image_id_139_.jpg,0.5046875,0.38125,0.66875,0.9,1.0,train
image_id_140_.jpg,0.3046875,0.4359375,0.553125,0.78125,1.0,train
image_id_141_.jpg,0.325,0.39375,0.50625,0.8703125,1.0,train
image_id_142_.jpg,0.246875,0.515625,0.5578125,0.803125,1.0,train
image_id_143_.jpg,0.3515625,0.465625,0.6609375,0.7546875,2.0,train
image_id_144_.jpg,0.2296875,0.575,0.63125,0.7984375,2.0,train
image_id_145_.jpg,0.309375,0.45,0.7359375,0.6609375,2.0,train
image_id_146_.jpg,0.309375,0.453125,0.75,0.659375,2.0,train
image_id_147_.jpg,0.3015625,0.734375,0.721875,0.953125,2.0,train
image_id_148_.jpg,0.3921875,0.6421875,0.7625,0.890625,2.0,train
image_id_149_.jpg,0.23125,0.4046875,0.7234375,0.59375,2.0,train
image_id_150_.jpg,0.465625,0.378125,0.671875,0.83125,1.0,train
image_id_151_.jpg,0.3234375,0.4,0.5203125,0.875,1.0,train
image_id_152_.jpg,0.225,0.4109375,0.61875,0.65,2.0,train
image_id_153_.jpg,0.2765625,0.390625,0.690625,0.61875,2.0,train
image_id_155_.jpg,0.3671875,0.4078125,0.9203125,0.5796875,2.0,train
image_id_157_.jpg,0.3984375,0.3734375,0.6171875,0.815625,1.0,train
image_id_158_.jpg,0.55,0.1203125,0.725,0.684375,1.0,train
image_id_159_.jpg,0.403125,0.2859375,0.6,0.790625,1.0,train
image_id_160_.jpg,0.4671875,0.2453125,0.646875,0.7984375,1.0,train
image_id_161_.jpg,0.2078125,0.4234375,0.75625,0.6046875,2.0,train
image_id_162_.jpg,0.265625,0.4578125,0.6234375,0.7375,2.0,train
image_id_163_.jpg,0.1453125,0.51875,0.6,0.7390625,2.0,train
image_id_164_.jpg,0.3328125,0.3234375,0.6359375,0.65625,2.0,train
image_id_165_.jpg,0.38125,0.4234375,0.6171875,0.8515625,1.0,train
image_id_166_.jpg,0.196875,0.4265625,0.5921875,0.684375,2.0,train
image_id_167_.jpg,0.54375,0.3703125,0.721875,0.94375,1.0,train
image_id_168_.jpg,0.175,0.5640625,0.6703125,0.7703125,2.0,train
image_id_169_.jpg,0.2671875,0.4640625,0.725,0.6875,2.0,train
image_id_170_.jpg,0.34375,0.590625,0.640625,0.9359375,2.0,train
image_id_171_.jpg,0.328125,0.2953125,0.5,0.9046875,1.0,train
image_id_172_.jpg,0.428125,0.434375,0.6859375,0.8421875,1.0,train
image_id_173_.jpg,0.4765625,0.36875,0.703125,0.8328125,1.0,train
image_id_175_.jpg,0.5078125,0.4890625,0.7765625,0.8859375,1.0,train
image_id_176_.jpg,0.3875,0.3796875,0.7671875,0.6640625,2.0,train
image_id_178_.jpg,0.553125,0.20625,0.753125,0.753125,1.0,train
image_id_179_.jpg,0.396875,0.4,0.66875,0.8078125,1.0,train
image_id_181_.jpg,0.034375,0.1953125,0.41875,0.4890625,2.0,train
image_id_182_.jpg,0.146875,0.3921875,0.340625,0.975,1.0,train
image_id_184_.jpg,0.2234375,0.2828125,0.5875,0.596875,2.0,train
image_id_186_.jpg,0.1734375,0.6671875,0.765625,0.8625,2.0,train
image_id_188_.jpg,0.334375,0.4171875,0.6734375,0.7609375,2.0,train
image_id_191_.jpg,0.3859375,0.3046875,0.6265625,0.803125,1.0,train
image_id_192_.jpg,0.1453125,0.56875,0.571875,0.853125,2.0,train
image_id_194_.jpg,0.0671875,0.2453125,0.59375,0.4765625,2.0,train
image_id_195_.jpg,0.35,0.384375,0.7015625,0.73125,1.0,train
image_id_196_.jpg,0.1796875,0.275,0.5296875,0.6234375,2.0,train
image_id_197_.jpg,0.1171875,0.478125,0.6609375,0.703125,2.0,train
image_id_198_.jpg,0.16875,0.4609375,0.653125,0.7140625,1.0,train
image_id_199_.jpg,0.1796875,0.2703125,0.5296875,0.6234375,2.0,train
image_id_200_.jpg,0.25625,0.6515625,0.675,0.946875,2.0,train
image_id_201_.jpg,0.2375,0.378125,0.75625,0.6171875,2.0,train
image_id_202_.jpg,0.3875,0.3,0.634375,0.8046875,1.0,train
image_id_203_.jpg,0.2171875,0.3,0.5609375,0.6625,2.0,train
image_id_204_.jpg,0.3015625,0.2375,0.5234375,0.8046875,1.0,train
image_id_205_.jpg,0.49375,0.39375,0.8125,0.7953125,1.0,train
image_id_206_.jpg,0.25,0.265625,0.5359375,0.7140625,1.0,train
image_id_207_.jpg,0.39375,0.321875,0.69375,0.75,1.0,train
image_id_209_.jpg,0.171875,0.3546875,0.7515625,0.578125,1.0,train
image_id_210_.jpg,0.246875,0.5375,0.65,0.859375,1.0,train
image_id_211_.jpg,0.05,0.4828125,0.5609375,0.7375,2.0,train
image_id_213_.jpg,0.4125,0.2734375,0.66875,0.7921875,1.0,train
image_id_214_.jpg,0.3109375,0.3109375,0.6765625,0.675,2.0,train
image_id_215_.jpg,0.3125,0.3875,0.7109375,0.721875,2.0,train
image_id_216_.jpg,0.290625,0.278125,0.7,0.60625,2.0,train
image_id_217_.jpg,0.0125,0.440625,0.515625,0.7078125,2.0,train
image_id_218_.jpg,0.2265625,0.5234375,0.696875,0.8125,1.0,train
image_id_219_.jpg,0.5671875,0.2921875,0.965625,0.634375,1.0,train
image_id_220_.jpg,0.284375,0.3578125,0.6640625,0.725,2.0,train
image_id_222_.jpg,0.390625,0.1578125,0.575,0.9171875,1.0,train
image_id_225_.jpg,0.090625,0.3515625,0.4109375,0.79375,1.0,train
image_id_226_.jpg,0.5484375,0.3140625,0.85625,0.7828125,1.0,train
image_id_227_.jpg,0.196875,0.646875,0.8109375,0.8828125,2.0,train
image_id_229_.jpg,0.4375,0.578125,0.8203125,0.959375,1.0,train
image_id_230_.jpg,0.2703125,0.45625,0.7828125,0.7421875,1.0,train
image_id_231_.jpg,0.4046875,0.20625,0.65625,0.7890625,1.0,train
image_id_232_.jpg,0.303125,0.4390625,0.740625,0.7765625,1.0,train
image_id_233_.jpg,0.3046875,0.4203125,0.7484375,0.753125,2.0,train
image_id_234_.jpg,0.2328125,0.1546875,0.5046875,0.7015625,1.0,train
image_id_235_.jpg,0.16875,0.384375,0.7796875,0.6296875,2.0,train
image_id_236_.jpg,0.3625,0.359375,0.9140625,0.6328125,2.0,train
image_id_237_.jpg,0.0546875,0.3703125,0.5390625,0.6859375,2.0,train
image_id_238_.jpg,0.165625,0.4734375,0.840625,0.7015625,2.0,train
image_id_240_.jpg,0.2484375,0.5015625,0.690625,0.85625,1.0,train
image_id_241_.jpg,0.16875,0.2421875,0.3796875,0.9890625,1.0,train
image_id_242_.jpg,0.28125,0.45,0.7640625,0.7765625,2.0,train
image_id_243_.jpg,0.2671875,0.428125,0.7328125,0.76875,2.0,train
image_id_244_.jpg,0.2109375,0.3125,0.6546875,0.6703125,2.0,train
image_id_245_.jpg,0.2171875,0.2015625,0.4578125,0.8625,1.0,train
image_id_246_.jpg,0.41875,0.2203125,0.65625,0.890625,1.0,train
image_id_248_.jpg,0.196875,0.4234375,0.771875,0.703125,2.0,train
image_id_249_.jpg,0.0671875,0.3078125,0.465625,0.7140625,1.0,train
image_id_251_.jpg,0.1671875,0.39375,0.5640625,0.803125,2.0,train
image_id_252_.jpg,0.2375,0.34375,0.7765625,0.6453125,2.0,train
image_id_253_.jpg,0.025,0.1046875,0.275,0.759375,1.0,train
image_id_254_.jpg,0.40625,0.128125,0.6515625,0.796875,1.0,train
image_id_255_.jpg,0.15625,0.284375,0.6171875,0.6421875,2.0,train
image_id_256_.jpg,0.071875,0.309375,0.471875,0.725,1.0,train
image_id_257_.jpg,0.2421875,0.3859375,0.696875,0.75625,1.0,train
image_id_258_.jpg,0.1734375,0.26875,0.4125,0.9765625,1.0,train
image_id_259_.jpg,0.384375,0.4453125,0.921875,0.7625,1.0,train
image_id_260_.jpg,0.2078125,0.3640625,0.6578125,0.74375,2.0,train
image_id_261_.jpg,0.29375,0.39375,0.690625,0.825,1.0,train
image_id_262_.jpg,0.278125,0.4390625,0.7625,0.7953125,2.0,train
image_id_266_.jpg,0.1140625,0.3984375,0.7234375,0.684375,2.0,train
image_id_267_.jpg,0.3921875,0.3171875,0.9734375,0.6171875,2.0,train
image_id_269_.jpg,0.21875,0.540625,0.7640625,0.8640625,2.0,train
image_id_270_.jpg,0.4296875,0.1796875,0.678125,0.89375,1.0,train
image_id_271_.jpg,0.24375,0.390625,0.809375,0.7046875,2.0,train
image_id_272_.jpg,0.1609375,0.38125,0.6640625,0.734375,1.0,train
image_id_274_.jpg,0.3140625,0.446875,0.83125,0.7921875,1.0,train
image_id_275_.jpg,0.4359375,0.2359375,0.875,0.64375,2.0,train
image_id_276_.jpg,0.2125,0.5,0.84375,0.784375,2.0,train
image_id_277_.jpg,0.01875,0.2,0.4875,0.584375,2.0,train
image_id_278_.jpg,0.25625,0.1328125,0.503125,0.8703125,1.0,train
image_id_279_.jpg,0.2203125,0.290625,0.75,0.6359375,2.0,train
image_id_280_.jpg,0.3640625,0.059375,0.6015625,0.8328125,1.0,train
image_id_281_.jpg,0.3140625,0.3,0.784375,0.690625,2.0,train
image_id_282_.jpg,0.3046875,0.0359375,0.78125,0.421875,2.0,train
image_id_283_.jpg,0.2828125,0.3203125,0.7140625,0.746875,1.0,train
image_id_284_.jpg,0.4,0.296875,0.7125,0.8859375,1.0,train
image_id_285_.jpg,0.003125,0.45625,0.709375,0.71875,2.0,train
image_id_286_.jpg,0.6890625,0.0921875,0.9015625,0.96875,1.0,train
image_id_288_.jpg,0.1734375,0.1953125,0.6765625,0.5671875,2.0,train
image_id_289_.jpg,0.2921875,0.403125,0.909375,0.7078125,2.0,train
image_id_290_.jpg,0.3859375,0.3609375,0.69375,0.971875,1.0,train
image_id_291_.jpg,0.2140625,0.1453125,0.871875,0.434375,2.0,train
image_id_292_.jpg,0.0015625,0.5578125,0.5984375,0.878125,2.0,train
image_id_293_.jpg,0.3265625,0.2515625,0.590625,0.9765625,1.0,train
image_id_294_.jpg,0.0609375,0.1859375,0.575,0.5625,2.0,train
image_id_295_.jpg,0.3921875,0.2578125,0.74375,0.8109375,1.0,train
image_id_296_.jpg,0.3015625,0.3609375,0.8625,0.709375,1.0,train
image_id_297_.jpg,0.3390625,0.5375,0.8171875,0.946875,2.0,train
image_id_298_.jpg,0.40625,0.309375,0.8421875,0.7640625,1.0,train
image_id_299_.jpg,0.3375,0.3921875,1.0,0.6921875,1.0,train
image_id_300_.jpg,0.3796875,0.415625,0.8953125,0.8015625,2.0,train
image_id_301_.jpg,0.0734375,0.340625,0.6625,0.6796875,2.0,train
image_id_302_.jpg,0.2015625,0.465625,0.8140625,0.7921875,2.0,train
image_id_303_.jpg,0.290625,0.334375,0.7828125,0.74375,2.0,train
image_id_305_.jpg,0.1171875,0.3359375,0.446875,0.9484375,1.0,train
image_id_306_.jpg,0.3515625,0.1890625,0.63125,0.9125,1.0,train
image_id_308_.jpg,0.0875,0.2515625,0.3859375,0.9328125,1.0,train
image_id_309_.jpg,0.2390625,0.296875,0.7078125,0.73125,2.0,train
image_id_311_.jpg,0.346875,0.1859375,0.609375,0.9640625,1.0,train
image_id_313_.jpg,0.5125,0.4640625,0.896875,1.0,1.0,train
image_id_314_.jpg,0.109375,0.2765625,0.5234375,0.775,1.0,train
image_id_316_.jpg,0.0140625,0.5578125,0.7109375,0.85625,2.0,train
image_id_317_.jpg,0.1703125,0.071875,0.503125,0.696875,1.0,train
image_id_318_.jpg,0.240625,0.35,0.7375,0.771875,1.0,train
image_id_319_.jpg,0.2984375,0.315625,0.7171875,0.8171875,1.0,train
image_id_320_.jpg,0.0,0.35625,0.646875,0.68125,2.0,train
image_id_321_.jpg,0.2515625,0.35625,0.8484375,0.709375,2.0,train
image_id_322_.jpg,0.2484375,0.1046875,0.8140625,0.478125,2.0,train
image_id_323_.jpg,0.621875,0.309375,1.0,0.8765625,1.0,train
image_id_324_.jpg,0.3578125,0.503125,0.9359375,0.875,2.0,train
image_id_325_.jpg,0.44375,0.1625,0.9203125,0.61875,2.0,train
image_id_326_.jpg,0.35625,0.35625,0.86875,0.78125,2.0,train
image_id_327_.jpg,0.3484375,0.35,0.7828125,0.853125,1.0,train
image_id_330_.jpg,0.2765625,0.225,0.63125,0.85,1.0,train
image_id_331_.jpg,0.0828125,0.253125,0.5078125,0.7765625,1.0,train
image_id_332_.jpg,0.2546875,0.3359375,0.79375,0.75,2.0,train
image_id_333_.jpg,0.1359375,0.2921875,0.5984375,0.775,2.0,train
image_id_334_.jpg,0.021875,0.378125,0.9765625,0.61875,1.0,train
image_id_335_.jpg,0.353125,0.1296875,0.6421875,0.9265625,1.0,train
image_id_336_.jpg,0.0625,0.25625,0.509375,0.7734375,1.0,train
image_id_338_.jpg,0.471875,0.296875,0.8984375,0.8390625,1.0,train
image_id_340_.jpg,0.203125,0.421875,0.721875,0.871875,1.0,train
image_id_341_.jpg,0.228125,0.465625,0.978125,0.7796875,2.0,train
image_id_342_.jpg,0.4140625,0.203125,0.8828125,0.7078125,2.0,train
image_id_343_.jpg,0.2078125,0.30625,0.71875,0.7703125,2.0,train
image_id_345_.jpg,0.2640625,0.4203125,0.74375,0.915625,2.0,train
image_id_346_.jpg,0.215625,0.3015625,0.7234375,0.771875,2.0,train
image_id_347_.jpg,0.0,0.2671875,0.675,0.621875,2.0,train
image_id_349_.jpg,0.2015625,0.2953125,0.5484375,0.9984375,1.0,train
image_id_350_.jpg,0.0671875,0.215625,0.4703125,0.821875,1.0,train
image_id_351_.jpg,0.19375,0.265625,0.8421875,0.64375,2.0,train
image_id_353_.jpg,0.1390625,0.4203125,0.9,0.74375,2.0,train
image_id_354_.jpg,0.2484375,0.2359375,0.703125,0.7828125,1.0,train
image_id_355_.jpg,0.24375,0.3875,0.803125,0.8328125,1.0,train
image_id_356_.jpg,0.4390625,0.2609375,1.0,0.70625,2.0,train
image_id_358_.jpg,0.2171875,0.3546875,0.8703125,0.7390625,2.0,train
image_id_359_.jpg,0.3359375,0.128125,0.659375,0.9046875,1.0,train
image_id_360_.jpg,0.4125,0.25625,0.821875,0.8703125,1.0,train
image_id_361_.jpg,0.0296875,0.2484375,0.8578125,0.553125,2.0,train
image_id_362_.jpg,0.4046875,0.3484375,0.86875,0.8953125,2.0,train
image_id_363_.jpg,0.14375,0.3171875,0.85625,0.6765625,2.0,train
image_id_364_.jpg,0.2875,0.26875,0.70625,0.884375,1.0,train
image_id_366_.jpg,0.11875,0.39375,0.9265625,0.715625,2.0,train
image_id_367_.jpg,0.0375,0.328125,0.7296875,0.7046875,2.0,train
image_id_368_.jpg,0.3203125,0.2453125,0.8078125,0.78125,1.0,train
image_id_371_.jpg,0.328125,0.1296875,0.66875,0.9078125,1.0,train
image_id_372_.jpg,0.31875,0.1984375,0.771875,0.784375,1.0,train
image_id_373_.jpg,0.34375,0.1859375,0.7078125,0.91875,1.0,train
image_id_374_.jpg,0.0015625,0.48125,0.6203125,0.9140625,2.0,train
image_id_375_.jpg,0.553125,0.1140625,0.859375,0.9890625,1.0,train
image_id_376_.jpg,0.2859375,0.428125,0.76875,0.984375,2.0,train
image_id_378_.jpg,0.3296875,0.309375,0.9984375,0.7140625,2.0,train
image_id_379_.jpg,0.203125,0.5125,0.7984375,0.9671875,2.0,train
image_id_380_.jpg,0.271875,0.2,0.7703125,0.74375,1.0,train
image_id_381_.jpg,0.253125,0.1640625,0.6125,0.9265625,1.0,train
image_id_382_.jpg,0.3328125,0.059375,0.871875,0.5734375,2.0,train
image_id_383_.jpg,0.140625,0.3765625,0.978125,0.7078125,2.0,train
image_id_384_.jpg,0.178125,0.3203125,0.9765625,0.66875,2.0,train
image_id_385_.jpg,0.290625,0.1609375,0.6640625,0.90625,1.0,train
image_id_386_.jpg,0.253125,0.1703125,0.8015625,0.68125,1.0,train
image_id_387_.jpg,0.1125,0.321875,0.9203125,0.671875,2.0,train
image_id_391_.jpg,0.2296875,0.184375,0.6609375,0.8609375,1.0,train
image_id_392_.jpg,0.3375,0.3921875,1.0,0.8359375,2.0,train
image_id_393_.jpg,0.3171875,0.2375,0.90625,0.7390625,2.0,train
image_id_395_.jpg,0.1546875,0.25625,0.8546875,0.6796875,2.0,train
image_id_396_.jpg,0.19375,0.2625,0.7359375,0.809375,1.0,train
image_id_397_.jpg,0.0546875,0.3265625,0.9984375,0.64375,1.0,train
image_id_398_.jpg,0.0203125,0.375,0.765625,0.778125,2.0,train
image_id_399_.jpg,0.1859375,0.0390625,0.50625,0.9859375,1.0,train
image_id_400_.jpg,0.25,0.2625,0.840625,0.7765625,2.0,train
image_id_401_.jpg,0.225,0.465625,0.7984375,0.9984375,2.0,train
image_id_402_.jpg,0.3015625,0.2953125,0.7359375,1.0,1.0,train
image_id_404_.jpg,0.0296875,0.36875,0.7625,0.7921875,2.0,train
image_id_405_.jpg,0.275,0.0453125,0.6171875,0.9625,1.0,train
image_id_406_.jpg,0.0015625,0.2125,0.6125,0.7265625,2.0,train
image_id_407_.jpg,0.11875,0.2984375,0.671875,0.86875,2.0,train
image_id_408_.jpg,0.1921875,0.1625,0.5890625,0.959375,1.0,train
image_id_409_.jpg,0.203125,0.2171875,0.8609375,0.7015625,2.0,train
image_id_411_.jpg,0.0515625,0.3234375,0.7875,0.759375,2.0,train
image_id_412_.jpg,0.1609375,0.2609375,0.9359375,0.6765625,2.0,train
image_id_413_.jpg,0.0609375,0.26875,0.95,0.634375,2.0,train
image_id_414_.jpg,0.1609375,0.2328125,0.7890625,0.753125,2.0,train
image_id_415_.jpg,0.35625,0.265625,0.8984375,0.8703125,1.0,train
image_id_416_.jpg,0.4078125,0.140625,0.7921875,1.0,1.0,train
image_id_417_.jpg,0.0015625,0.3671875,0.871875,0.7484375,2.0,train
image_id_418_.jpg,0.30625,0.2703125,0.9765625,0.765625,2.0,train
image_id_420_.jpg,0.05,0.346875,0.9328125,0.7265625,1.0,train
image_id_421_.jpg,0.1109375,0.3484375,0.671875,0.946875,1.0,train
image_id_422_.jpg,0.278125,0.1859375,0.725,0.940625,1.0,train
image_id_423_.jpg,0.2625,0.2046875,0.725,0.9375,1.0,train
image_id_424_.jpg,0.1609375,0.18125,0.6234375,0.9140625,1.0,train
image_id_425_.jpg,0.015625,0.4296875,1.0,0.7765625,2.0,train
image_id_426_.jpg,0.2171875,0.278125,0.8296875,0.8359375,2.0,train
image_id_427_.jpg,0.153125,0.03125,0.5515625,0.8890625,1.0,train
image_id_428_.jpg,0.2515625,0.225,0.878125,0.7734375,2.0,train
image_id_429_.jpg,0.0984375,0.2515625,0.7828125,0.7546875,2.0,train
image_id_431_.jpg,0.1421875,0.078125,0.5390625,0.959375,1.0,train
image_id_432_.jpg,0.2046875,0.128125,0.715625,0.815625,1.0,train
image_id_433_.jpg,0.11875,0.2796875,0.753125,0.834375,1.0,train
image_id_435_.jpg,0.0328125,0.1125,0.496875,0.875,1.0,train
image_id_436_.jpg,0.3578125,0.2125,0.8296875,0.96875,1.0,train
image_id_437_.jpg,0.340625,0.0015625,0.6984375,1.0,1.0,train
image_id_438_.jpg,0.040625,0.11875,0.9,0.5359375,2.0,train
image_id_439_.jpg,0.165625,0.2234375,0.8109375,0.78125,2.0,train
image_id_440_.jpg,0.3703125,0.2109375,0.8296875,0.9984375,1.0,train
image_id_441_.jpg,0.14375,0.2359375,0.61875,0.9984375,1.0,train
image_id_443_.jpg,0.0875,0.290625,0.9359375,0.71875,2.0,train
image_id_444_.jpg,0.04375,0.321875,0.75625,0.834375,1.0,train
image_id_446_.jpg,0.1515625,0.2,0.7328125,0.8328125,1.0,train
image_id_447_.jpg,0.3078125,0.1984375,0.9984375,0.73125,1.0,train
image_id_448_.jpg,0.275,0.075,0.7109375,0.928125,1.0,train
image_id_449_.jpg,0.14375,0.196875,0.6921875,0.8796875,1.0,train
image_id_450_.jpg,0.0046875,0.4609375,0.909375,0.875,2.0,train
image_id_451_.jpg,0.2296875,0.23125,0.828125,0.865625,2.0,train
image_id_452_.jpg,0.215625,0.3359375,0.7890625,0.9984375,1.0,train
image_id_453_.jpg,0.3546875,0.1453125,0.8203125,0.965625,1.0,train
image_id_454_.jpg,0.3359375,0.0640625,0.7640625,0.975,1.0,train
image_id_455_.jpg,0.2140625,0.1734375,0.8328125,0.80625,1.0,train
image_id_456_.jpg,0.496875,0.096875,0.9984375,0.878125,1.0,train
image_id_457_.jpg,0.0,0.2328125,0.5125,0.9984375,1.0,train
image_id_459_.jpg,0.16875,0.2640625,0.9546875,0.7640625,2.0,train
image_id_460_.jpg,0.0234375,0.059375,0.45625,0.9703125,1.0,train
image_id_461_.jpg,0.2,0.278125,0.9140625,0.83125,1.0,train
image_id_463_.jpg,0.4671875,0.0140625,0.878125,0.9875,1.0,train
image_id_464_.jpg,0.1921875,0.1828125,0.684375,0.9984375,1.0,train
image_id_465_.jpg,0.275,0.0546875,0.7015625,0.996875,1.0,train
image_id_466_.jpg,0.0515625,0.1109375,0.91875,0.5765625,2.0,train
image_id_467_.jpg,0.16875,0.165625,0.671875,0.96875,1.0,train
image_id_468_.jpg,0.0015625,0.3578125,0.9125,0.803125,2.0,train
image_id_469_.jpg,0.453125,0.184375,0.96875,0.984375,1.0,train
image_id_470_.jpg,0.240625,0.3984375,0.9625,0.9703125,2.0,train
image_id_472_.jpg,0.00625,0.2640625,0.765625,0.8109375,2.0,train
image_id_473_.jpg,0.240625,0.1671875,0.9453125,0.759375,2.0,train
image_id_475_.jpg,0.009375,0.3765625,0.990625,0.80625,1.0,train
image_id_476_.jpg,0.0984375,0.1734375,0.803125,0.7734375,2.0,train
image_id_478_.jpg,0.2421875,0.2703125,1.0,0.8328125,2.0,train
image_id_479_.jpg,0.159375,0.146875,0.8546875,0.7671875,2.0,train
image_id_480_.jpg,0.1390625,0.16875,0.765625,0.859375,2.0,train
image_id_481_.jpg,0.071875,0.01875,0.515625,1.0,1.0,train
image_id_482_.jpg,0.184375,0.1296875,0.784375,0.859375,1.0,train
image_id_483_.jpg,0.178125,0.1359375,0.778125,0.865625,2.0,train
image_id_484_.jpg,0.1421875,0.1609375,0.8796875,0.75625,2.0,train
image_id_485_.jpg,0.1890625,0.0484375,0.665625,0.971875,1.0,train
image_id_486_.jpg,0.1796875,0.1359375,0.7484375,0.9109375,1.0,train
image_id_487_.jpg,0.1015625,0.1765625,0.8125,0.796875,2.0,train
image_id_488_.jpg,0.0046875,0.3984375,0.9953125,0.8484375,2.0,train
image_id_489_.jpg,0.184375,0.1984375,1.0,0.7453125,2.0,train
image_id_490_.jpg,0.053125,0.0078125,0.6328125,0.778125,1.0,train
image_id_491_.jpg,0.0828125,0.221875,0.93125,0.75,2.0,train
image_id_493_.jpg,0.18125,0.4359375,0.978125,1.0,2.0,train
image_id_494_.jpg,0.0734375,0.2890625,0.821875,0.8921875,2.0,train
image_id_496_.jpg,0.1578125,0.165625,0.890625,0.7921875,2.0,train
image_id_497_.jpg,0.3421875,0.0765625,0.8578125,0.9671875,1.0,train
image_id_499_.jpg,0.0484375,0.265625,0.95,0.7796875,2.0,train
image_id_501_.jpg,0.021875,0.3671875,0.971875,0.8578125,2.0,train
image_id_502_.jpg,0.003125,0.2890625,0.984375,0.76875,1.0,train
image_id_503_.jpg,0.2640625,0.075,0.8234375,0.9171875,1.0,train
image_id_504_.jpg,0.05,0.2078125,0.840625,0.8046875,2.0,train
image_id_505_.jpg,0.0,0.2484375,0.6296875,1.0,1.0,train
image_id_506_.jpg,0.1953125,0.0390625,0.6953125,0.9859375,1.0,train
image_id_507_.jpg,0.1859375,0.0359375,0.678125,0.9984375,1.0,train
image_id_508_.jpg,0.1046875,0.20625,0.79375,0.8984375,2.0,train
image_id_509_.jpg,0.2875,0.0328125,0.7890625,0.9859375,1.0,train
image_id_510_.jpg,0.05,0.11875,0.653125,0.9140625,1.0,train
image_id_511_.jpg,0.4390625,0.0,0.9296875,0.978125,1.0,train
image_id_512_.jpg,0.25625,0.1703125,1.0,0.8203125,2.0,train
image_id_513_.jpg,0.00625,0.2546875,0.9734375,0.7609375,2.0,train
image_id_515_.jpg,0.34375,0.0875,0.890625,0.990625,1.0,train
image_id_516_.jpg,0.028125,0.171875,0.7140625,0.8921875,1.0,train
image_id_517_.jpg,0.065625,0.1,0.6859375,0.896875,1.0,train
image_id_518_.jpg,0.0296875,0.3265625,0.9921875,0.8421875,2.0,train
image_id_520_.jpg,0.0953125,0.1984375,0.803125,0.90625,2.0,train
image_id_521_.jpg,0.2046875,0.05625,0.7546875,0.9671875,1.0,train
image_id_522_.jpg,0.1140625,0.2390625,0.809375,0.9625,2.0,train
image_id_523_.jpg,0.0953125,0.2,0.921875,0.809375,2.0,train
image_id_525_.jpg,0.0609375,0.06875,0.675,0.8921875,1.0,train
image_id_526_.jpg,0.1515625,0.2546875,0.8359375,1.0,2.0,train
image_id_528_.jpg,0.1453125,0.1546875,0.93125,0.8078125,2.0,train
image_id_529_.jpg,0.178125,0.1015625,0.753125,0.9984375,1.0,train
image_id_530_.jpg,0.1484375,0.128125,0.825,0.89375,2.0,train
image_id_531_.jpg,0.040625,0.2296875,0.903125,0.834375,1.0,train
image_id_532_.jpg,0.1859375,0.1671875,0.8671875,0.9515625,2.0,train
image_id_533_.jpg,0.1546875,0.090625,0.778125,0.9546875,1.0,train
image_id_534_.jpg,0.121875,0.1546875,0.90625,0.8453125,2.0,train
image_id_535_.jpg,0.028125,0.065625,0.6375,0.95625,1.0,train
image_id_536_.jpg,0.01875,0.23125,0.965625,0.8078125,2.0,train
image_id_538_.jpg,0.109375,0.121875,0.8640625,0.85625,1.0,train
image_id_539_.jpg,0.1734375,0.125,0.9078125,0.88125,1.0,train
image_id_540_.jpg,0.20625,0.065625,0.8078125,0.9890625,1.0,train
image_id_541_.jpg,0.09375,0.2609375,0.853125,1.0,1.0,train
image_id_542_.jpg,0.0921875,0.2484375,0.940625,0.9109375,1.0,train
image_id_543_.jpg,0.1546875,0.1265625,0.909375,0.8765625,2.0,train
image_id_544_.jpg,0.1296875,0.0015625,0.853125,0.784375,2.0,train
image_id_546_.jpg,0.2296875,0.003125,0.8,0.9984375,1.0,train
image_id_547_.jpg,0.1171875,0.1265625,0.9109375,0.8453125,2.0,train
image_id_549_.jpg,0.1265625,0.128125,0.790625,1.0,1.0,train
image_id_550_.jpg,0.1546875,0.0859375,0.840625,0.93125,1.0,train
image_id_552_.jpg,0.0359375,0.1359375,0.878125,0.8453125,2.0,train
image_id_553_.jpg,0.065625,0.240625,0.971875,0.9015625,2.0,train
image_id_554_.jpg,0.1125,0.153125,0.8234375,1.0,1.0,train
image_id_555_.jpg,0.0109375,0.1484375,0.8765625,0.8578125,2.0,train
image_id_556_.jpg,0.065625,0.065625,0.746875,0.9703125,1.0,train
image_id_557_.jpg,0.0046875,0.1078125,0.9953125,0.7421875,1.0,train
image_id_558_.jpg,0.1484375,0.0015625,0.784375,1.0,1.0,train
image_id_559_.jpg,0.078125,0.1109375,0.890625,0.9078125,1.0,train
image_id_560_.jpg,0.0,0.1640625,0.94375,0.85625,2.0,train
image_id_561_.jpg,0.028125,0.196875,0.9921875,0.875,1.0,train
image_id_562_.jpg,0.1765625,0.0984375,0.9578125,0.95,2.0,train
image_id_564_.jpg,0.0203125,0.0828125,0.825,0.953125,1.0,train
image_id_565_.jpg,0.01875,0.15,1.0,0.8671875,2.0,train
image_id_566_.jpg,0.146875,0.0578125,0.9078125,0.9828125,1.0,train
image_id_567_.jpg,0.15,0.0671875,0.9421875,0.9578125,1.0,train
image_id_568_.jpg,0.071875,0.071875,0.921875,0.9203125,1.0,train
image_id_569_.jpg,0.003125,0.1390625,1.0,0.878125,2.0,train
image_id_570_.jpg,0.053125,0.1046875,0.946875,0.9328125,2.0,train
image_id_572.jpg,0.5444127201632163,0.7392277113536541,0.5913903062081179,0.7948772757039867,1.0,train
image_id_573.jpg,0.6109374761581421,0.526562511920929,0.7109375,0.565625011920929,2.0,train
image_id_574.jpg,0.278124988079071,0.489062488079071,0.3359375,0.573437511920929,2.0,train
image_id_575.jpg,0.4698987528802629,0.5415481175603458,0.5600632442311549,0.6385296921134056,2.0,train
image_id_576.jpg,0.457812488079071,0.3968749940395355,0.534375011920929,0.4796875119209289,2.0,train
image_id_577.jpg,0.4838517490567099,0.4620670292484116,0.6042225225510046,0.5720314503425028,1.0,train
image_id_578.jpg,0.4562500119209289,0.4609375,0.5078125,0.6015625,1.0,train
image_id_579.jpg,0.4569132967277466,0.4319173373961064,0.5338458825704153,0.5484104661651209,1.0,train
image_id_580.jpg,0.4765625,0.4765625,0.528124988079071,0.625,1.0,train
image_id_581.jpg,0.4593750238418579,0.3687500059604645,0.5140624940395355,0.515625,1.0,train
image_id_582.jpg,0.4172167461860011,0.533324395132188,0.5776501196804071,0.6073580402960778,2.0,train
image_id_583.jpg,0.4465235769805503,0.4694928609219181,0.5680157265305825,0.627812331562277,1.0,train
image_id_584.jpg,0.4289477993752519,0.4624441850688525,0.582158863931271,0.5389823945347573,2.0,train
image_id_585.jpg,0.1527640124116931,0.4891732198788744,0.2791515977785083,0.5614150337579352,1.0,train
image_id_586.jpg,0.442187488079071,0.3968750238418579,0.5015624761581421,0.557812511920929,1.0,train
image_id_587.jpg,0.606249988079071,0.635937511920929,0.668749988079071,0.8031250238418579,1.0,train
image_id_588.jpg,0.4608993188553729,0.4155540419845545,0.5599730393184631,0.603170006144169,1.0,train
image_id_589.jpg,0.4250000119209289,0.651562511920929,0.582812488079071,0.7203124761581421,2.0,train
image_id_590.jpg,0.596394295749129,0.3321937506268343,0.6967702760570474,0.4513685763875911,2.0,train
image_id_591.jpg,0.4593750238418579,0.4406250119209289,0.5921874940395355,0.528124988079071,2.0,train
image_id_592.jpg,0.4296875,0.4749999940395355,0.5718750059604645,0.559374988079071,1.0,train
image_id_593.jpg,0.442187488079071,0.46875,0.6187499761581421,0.5375000238418579,1.0,train
image_id_594.jpg,0.3392488038744872,0.4283166831349985,0.4679552827600465,0.5649985368665369,1.0,train
image_id_595.jpg,0.4566430085556153,0.4504812592666963,0.5581827595980889,0.5922991563772977,1.0,train
image_id_596.jpg,0.4953125119209289,0.4749999940395355,0.6500000059604645,0.5562499761581421,2.0,train
image_id_597.jpg,0.4493090625433618,0.4412466532497874,0.6017382078237554,0.5624984922614276,2.0,train
image_id_598.jpg,0.6351545627625598,0.3472092715505076,0.7569670488747554,0.488258029997196,2.0,train
image_id_599.jpg,0.3578125238418579,0.643750011920929,0.496874988079071,0.7359374761581421,2.0,train
image_id_600.jpg,0.2609375119209289,0.5406249761581421,0.390625,0.65625,2.0,train
image_id_601.jpg,0.4173429537284434,0.4267614078790484,0.5998139807190582,0.6016640087445737,1.0,train
image_id_602.jpg,0.723437488079071,0.596875011920929,0.8359375,0.7593749761581421,1.0,train
image_id_603.jpg,0.6074429915591064,0.2932186030864311,0.7549217797694807,0.4796567421831728,2.0,train
image_id_604.jpg,0.4671874940395355,0.3984375,0.6078125238418579,0.5484374761581421,2.0,train
image_id_605.jpg,0.239001678026866,0.4498539521752432,0.4721042131635398,0.6721958652398706,2.0,train
image_id_606.jpg,0.3818256708339992,0.4469022618043425,0.5626348512274707,0.6605693548802991,2.0,train
image_id_607.jpg,0.4562500119209289,0.2828124761581421,0.581250011920929,0.4796875119209289,1.0,train
image_id_608.jpg,0.8140624761581421,0.410937488079071,0.923437476158142,0.653124988079071,1.0,train
image_id_609.jpg,0.4437499940395355,0.5,0.557812511920929,0.7437500059604645,2.0,train
image_id_610.jpg,0.4468750059604645,0.484375,0.6234375238418579,0.6546875238418579,1.0,train
image_id_611.jpg,0.6921709313231894,0.1888490603405151,0.8035297701802753,0.5518020721301697,1.0,train
image_id_612.jpg,0.3591110754793848,0.5094929854275785,0.5818081181533825,0.6765207176628437,1.0,train
image_id_613.jpg,0.4125000238418579,0.53125,0.5453124940395355,0.785937488079071,1.0,train
image_id_614.jpg,0.3318843085102371,0.2229315707662305,0.6729409924615009,0.5488932734655403,2.0,train
image_id_615.jpg,0.4609375,0.3531249761581421,0.637499988079071,0.550000011920929,2.0,train
image_id_616.jpg,0.301562488079071,0.1281249970197677,0.4125000238418579,0.449999988079071,2.0,train
image_id_617.jpg,0.3027010062170105,0.5952205304005163,0.4667983816368409,0.8558844508374837,2.0,train
image_id_618.jpg,0.2593596911831818,0.4426746289758398,0.4798973592697425,0.8249635468160417,1.0,train
image_id_619.jpg,0.3578742764046212,0.355463073407106,0.6576923714080343,0.6491575898679829,2.0,train
image_id_620.jpg,0.4292113918973747,0.3359815195103149,0.7422413884760766,0.5928958605292539,1.0,train
image_id_621.jpg,0.387499988079071,0.3156250119209289,0.59375,0.512499988079071,2.0,train
image_id_622.jpg,0.2195339817562806,0.3441187340345017,0.4903838350905084,0.6140578076490754,2.0,train
image_id_623.jpg,0.5641576331047257,0.4494616169092514,0.8639157197478979,0.7158298635037912,1.0,train
image_id_624.jpg,0.5160436912231189,0.2786744943844128,0.7143864887340227,0.6039101655033184,1.0,train
image_id_625.jpg,0.475445431183896,0.3528487394413667,0.7105773784908144,0.6844613553689669,1.0,train
image_id_626.jpg,0.5139337523847494,0.3176138620274891,0.7871865714987604,0.576529887389303,1.0,train
image_id_627.jpg,0.3586099304813175,0.3287848422437097,0.5729950694710405,0.7268491894687065,1.0,train
image_id_628.jpg,0.59375,0.1953125,0.746874988079071,0.4937499761581421,2.0,train
image_id_629.jpg,0.5609375238418579,0.4171875119209289,0.765625,0.6421875059604645,1.0,train
image_id_630.jpg,0.2562645719954083,0.6686607706501821,0.5328590733734672,0.9774726879054616,1.0,train
image_id_631.jpg,0.7562500238418579,0.309374988079071,0.921875,0.5953124761581421,1.0,train
image_id_632.jpg,0.4028049642581468,0.4719049765349511,0.6191692749168058,0.7671066209924637,1.0,train
image_id_633.jpg,0.0617642135871892,0.4397164990150819,0.4497311317949074,0.7304087086443812,2.0,train
image_id_634.jpg,0.3125794495372457,0.3173483235995358,0.5129736234868028,0.6833771860416216,2.0,train
image_id_635.jpg,0.0,0.9459878308784672,0.0658485257800067,1.0,1.0,train
image_id_636.jpg,0.2453125119209289,0.4015625119209289,0.503125011920929,0.598437488079071,2.0,train
image_id_637.jpg,0.2015625238418579,0.328125,0.4406250119209289,0.542187511920929,1.0,train
image_id_638.jpg,0.0507533608938258,0.4807642600504104,0.3926430913856165,0.8132088682128927,2.0,train
image_id_639.jpg,0.4703124761581421,0.573437511920929,0.7484374940395355,0.762499988079071,2.0,train
image_id_640.jpg,0.395312488079071,0.465624988079071,0.628125011920929,0.6937500238418579,2.0,train
image_id_641.jpg,0.4382455916968805,0.3618708688194295,0.6869210372560127,0.6496008537581645,2.0,train
image_id_642.jpg,0.3116142408548052,0.290634597718423,0.6785552850234465,0.661540749454241,2.0,train
image_id_643.jpg,0.0453125014901161,0.2421875,0.356249988079071,0.4375,2.0,train
image_id_644.jpg,0.4296687847952292,0.3205586977188844,0.6700932100465454,0.582415130126896,2.0,train
image_id_645.jpg,0.703125,0.2046875059604644,0.928125001490116,0.484375,1.0,train
image_id_646.jpg,0.364062488079071,0.643750011920929,0.7421875,0.8109375238418579,2.0,train
image_id_647.jpg,0.4701698117279073,0.4598834936212707,0.7451628733186972,0.8550769248567016,1.0,train
image_id_648.jpg,0.3609374761581421,0.489062488079071,0.8953125029802322,0.6109374761581421,2.0,train
image_id_649.jpg,0.2875000238418579,0.4000000059604645,0.651562511920929,0.581250011920929,1.0,train
image_id_650.jpg,0.328125,0.21875,0.746874988079071,0.3765625059604645,2.0,train
image_id_651.jpg,0.3343750238418579,0.481249988079071,0.5765624940395355,0.754687488079071,2.0,train
image_id_652.jpg,0.082812488079071,0.442187488079071,0.621874988079071,0.565625011920929,1.0,train
image_id_653.jpg,0.3234384709513248,0.2910126854611027,0.6382148999987184,0.7785859308370954,1.0,train
image_id_654.jpg,0.4140625,0.3921875059604645,0.653124988079071,0.6734374761581421,1.0,train
image_id_655.jpg,0.4119588759959499,0.4244044615370197,0.8064621037755618,0.8026521559259099,2.0,train
image_id_656.jpg,0.2562499940395355,0.3984375,0.6328125,0.5796874761581421,2.0,train
image_id_657.jpg,0.3890624940395355,0.3546875119209289,0.5406249761581421,0.8140624761581421,1.0,train
image_id_658.jpg,0.2506538100399903,0.5478834235878393,0.6063920011106994,0.8825813397134865,2.0,train
image_id_659.jpg,0.5077230113593338,0.5504049975937715,0.7322817906181635,0.9485617205107972,2.0,train
image_id_660.jpg,0.2046874761581421,0.5296875238418579,0.4140625,0.871874988079071,1.0,train
image_id_661.jpg,0.0,0.0,0.1356917356108814,0.0882684435738125,2.0,train
image_id_662.jpg,0.145299802683227,0.3265353422851553,0.5106666756373057,0.664199526066352,2.0,train
image_id_663.jpg,0.403124988079071,0.426562488079071,0.6015625,0.7953125238418579,1.0,train
image_id_664.jpg,0.3125,0.515625,0.676562488079071,0.7250000238418579,1.0,train
image_id_665.jpg,0.2790334377184035,0.4233663108019325,0.7830048194408715,0.7930649384749006,2.0,train
image_id_666.jpg,0.356249988079071,0.410937488079071,0.7281250059604645,0.6171875,2.0,train
image_id_667.jpg,0.1794125579330555,0.3498305921020228,0.586858558519156,0.8545330328482162,1.0,train
image_id_668.jpg,0.5953124761581421,0.2671875059604645,0.8656250238418579,0.551562488079071,1.0,train
image_id_669.jpg,0.364062488079071,0.426562488079071,0.659375011920929,0.6875,2.0,train
image_id_670.jpg,0.359375,0.3687500059604645,0.6499999761581421,0.635937511920929,2.0,train
image_id_671.jpg,0.7171875238418579,0.3765625059604645,0.943750023841858,0.7203124761581421,1.0,train
image_id_672.jpg,0.2773140119483638,0.2972111442228479,0.6546162798454865,0.684590710337852,2.0,train
image_id_673.jpg,0.3125,0.442187488079071,0.6343749761581421,0.6859375238418579,2.0,train
image_id_674.jpg,0.144712821351945,0.3052395029286523,0.5558364505846687,0.7782257165195344,1.0,train
image_id_675.jpg,0.0,0.0,0.2314739908209378,0.1316861743479745,1.0,train
image_id_676.jpg,0.270925770964314,0.3340703764846153,0.7046865433011521,0.6574998442833865,2.0,train
image_id_677.jpg,0.3776047292257975,0.2848626092937544,0.6259319940201842,0.6072464481515427,1.0,train
image_id_678.jpg,0.4468749761581421,0.3859375119209289,0.6265625059604645,0.839062511920929,1.0,train
image_id_679.jpg,0.1312499940395355,0.2125000059604644,0.567187488079071,0.4000000059604645,2.0,train
image_id_680.jpg,0.317187488079071,0.46875,0.7015625238418579,0.684374988079071,2.0,train
image_id_681.jpg,0.0,0.0,0.3584747568608318,0.0221132540294596,2.0,train
image_id_682.jpg,0.3652054140266615,0.3484719744259325,0.6961581915913283,0.7003252533554086,2.0,train
image_id_683.jpg,0.3156250119209289,0.3843749761581421,0.635937511920929,0.6468749940395355,2.0,train
image_id_684.jpg,0.2109375,0.348437488079071,0.4312499761581421,0.7328125238418579,1.0,train
image_id_685.jpg,0.453125,0.457812488079071,0.7640625238418579,0.731249988079071,2.0,train
image_id_686.jpg,0.504687488079071,0.3812499940395355,0.668749988079071,0.8999999761581421,1.0,train
image_id_687.jpg,0.3035212263177111,0.1565643769541492,0.6861557191792941,0.5914495390809462,1.0,train
image_id_688.jpg,0.4647757495958164,0.3962421334004501,0.697272350210994,0.8237853636668625,1.0,train
image_id_689.jpg,0.326981109016007,0.5005819831033025,0.7338362015420755,0.9123157790351442,1.0,train
image_id_690.jpg,0.3515625,0.465624988079071,0.660937488079071,0.754687488079071,2.0,train
image_id_691.jpg,0.3687499761581421,0.574999988079071,0.7703125029802322,0.7984374761581421,2.0,train
image_id_692.jpg,0.2672886142647895,0.3720936793569307,0.7237115745471986,0.7396473459449583,2.0,train
image_id_693.jpg,0.25,0.453125,0.690625011920929,0.659375011920929,2.0,train
image_id_694.jpg,0.301562488079071,0.734375,0.721875011920929,0.953125,2.0,train
image_id_695.jpg,0.2375000119209289,0.6421874761581421,0.6078124940395355,0.890625,2.0,train
image_id_696.jpg,0.2520311247436423,0.2684532080907188,0.7924854259580194,0.6844831443002274,2.0,train
image_id_697.jpg,0.1290317903871358,0.2710829081558883,0.6402243604303924,0.6544652757544025,1.0,train
image_id_698.jpg,0.4796875119209289,0.4000000059604645,0.676562488079071,0.875,1.0,train
image_id_699.jpg,0.3500000238418579,0.3812500238418579,0.589062511920929,0.7750000059604645,2.0,train
image_id_700.jpg,0.390625,0.309374988079071,0.6187499761581421,0.723437488079071,2.0,train
image_id_701.jpg,0.8032200357358977,0.0,1.0,0.0231907808477162,2.0,train
image_id_702.jpg,0.147009230442286,0.3422906147150172,0.6346970150640563,0.6327742017125889,1.0,train
image_id_703.jpg,0.2749999761581421,0.1203124970197677,0.449999988079071,0.684374988079071,1.0,train
image_id_704.jpg,0.403124988079071,0.285937488079071,0.6000000238418579,0.7906249761581421,1.0,train
image_id_705.jpg,0.2995913259022787,0.1982768329641921,0.5608841125500499,0.8281762857655732,1.0,train
image_id_706.jpg,0.9160781402831006,0.0,1.0,0.0623120438824428,2.0,train
image_id_707.jpg,0.265625,0.457812488079071,0.6234375238418579,0.737500011920929,2.0,train
image_id_708.jpg,0.518750011920929,0.1453125029802322,0.739062488079071,0.6000000238418579,2.0,train
image_id_709.jpg,0.364062488079071,0.3234375119209289,0.667187511920929,0.65625,2.0,train
image_id_710.jpg,0.4234375059604645,0.3828125,0.8515625,0.6187500059604645,1.0,train
image_id_711.jpg,0.2883853208070991,0.1528543103013748,0.6791038109460732,0.6021663176187443,2.0,train
image_id_712.jpg,0.543749988079071,0.056249976158142,0.721875011920929,0.629687488079071,1.0,train
image_id_713.jpg,0.1429613682399506,0.5409720115421595,0.6614501960203438,0.7793528027379303,2.0,train
image_id_714.jpg,0.2266164098940684,0.4148432392354785,0.7387746104348537,0.7648550802475059,2.0,train
image_id_715.jpg,0.3253683867170417,0.5688466450746846,0.6253390419989164,0.8706595043877889,2.0,train
image_id_716.jpg,0.6575815897691986,0.0,1.0,0.0365318884327839,1.0,train
image_id_717.jpg,0.2084001217815947,0.3785913977815901,0.5818452172324047,0.8907395675720069,1.0,train
image_id_718.jpg,0.2344047196269672,0.1617295614243169,0.5531545926764088,0.6792242639339879,1.0,train
image_id_719.jpg,0.223437488079071,0.489062488079071,0.4921875,0.885937511920929,1.0,train
image_id_720.jpg,0.8590108488033724,0.0,1.0,0.0587122633819263,2.0,train
image_id_721.jpg,0.5531250238418579,0.2062499970197677,0.753125011920929,0.753125011920929,1.0,train
image_id_722.jpg,0.3968749940395355,0.4000000059604645,0.668749988079071,0.807812511920929,1.0,train
image_id_723.jpg,0.4744039704470872,0.0,0.7787007005804724,0.4028560418320043,2.0,train
image_id_724.jpg,0.3921875059604645,0.659375011920929,0.975000023841858,0.8531250059604645,1.0,train
image_id_725.jpg,0.0,0.8094911547924883,0.0740236429414957,1.0,2.0,train
image_id_726.jpg,0.1734375059604644,0.667187511920929,0.765625,0.862500011920929,2.0,train
image_id_727.jpg,0.2847552562939288,0.3216946291031853,0.8057045984216422,0.8394923131621038,2.0,train
image_id_728.jpg,0.3859375119209289,0.3046875,0.6265624761581421,0.8031250238418579,1.0,train
image_id_729.jpg,0.3026846009961553,0.5325646041702945,0.8188729109512825,0.9730821924268216,2.0,train
image_id_730.jpg,0.0671875029802322,0.2453124970197677,0.59375,0.4765625,2.0,train
image_id_731.jpg,0.2579875779682782,0.3251696402278262,0.7391448467712501,0.8035872527902368,1.0,train
image_id_732.jpg,0.1662106224197838,0.3682333169768712,0.5956183545611935,0.7955752039244396,2.0,train
image_id_733.jpg,0.0,0.8908194421820059,0.0433581672602743,1.0,2.0,train
image_id_734.jpg,0.1462452666741393,0.1763687909874825,0.7223832968062368,0.5880748581858779,1.0,train
image_id_735.jpg,0.1796875,0.3765624761581421,0.5296875238418579,0.729687511920929,2.0,train
image_id_736.jpg,0.2562499940395355,0.651562511920929,0.675000011920929,0.946874976158142,2.0,train
image_id_737.jpg,0.2437499761581421,0.3781250119209289,0.7625000029802322,0.6171875,2.0,train
image_id_738.jpg,0.1953125,0.387499988079071,0.699999988079071,0.6343749761581421,1.0,train
image_id_739.jpg,0.3000000119209289,0.4390624761581421,0.6625000238418579,0.7828125059604645,2.0,train
image_id_740.jpg,0.397736900762126,0.2675329633882083,0.7537046448639025,0.8364779326750551,1.0,train
image_id_741.jpg,0.1875,0.3937500119209289,0.5062499940395355,0.7953125238418579,1.0,train
image_id_742.jpg,0.2948407602131929,0.4476573264304554,0.7552924795315413,0.7944566415296034,1.0,train
image_id_743.jpg,0.3062499761581421,0.25,0.606249988079071,0.6781249940395355,1.0,train
image_id_744.jpg,0.2484375238418579,0.421875,0.828125,0.645312488079071,1.0,train
image_id_745.jpg,0.4147731517018983,0.3594772377022665,0.8818355087080164,0.8215072390865739,1.0,train
image_id_746.jpg,0.4177862748035161,0.210328624187622,0.9159078916808704,0.5116656463507965,2.0,train
image_id_747.jpg,0.2661289878733274,0.2638879759741488,0.6467441232598289,0.7627313578890315,1.0,train
image_id_748.jpg,0.3109374940395355,0.3109374940395355,0.676562488079071,0.675000011920929,2.0,train
image_id_749.jpg,0.3426646802539951,0.2394717859898761,0.7448169941963118,0.683875598616471,2.0,train
image_id_750.jpg,0.2594757159449026,0.2255473755055383,0.7279137965669511,0.6600037626062292,2.0,train
image_id_751.jpg,0.484375,0.4406250119209289,0.9874999998137356,0.707812488079071,2.0,train
image_id_752.jpg,0.2265625,0.5234375,0.6968749761581421,0.8125,1.0,train
image_id_753.jpg,0.4831175249342772,0.1467395586783075,0.9793700821061616,0.596524803046316,1.0,train
image_id_754.jpg,0.0,0.7783076827520172,0.0404279581564534,1.0,2.0,train
image_id_755.jpg,0.3214596111125408,0.131966440342176,0.7615328763902468,0.9489172581409908,1.0,train
image_id_756.jpg,0.3515625,0.589062511920929,0.793749988079071,0.9093749970197678,1.0,train
image_id_757.jpg,0.1437500119209289,0.3140625059604645,0.4515625238418579,0.7828124761581421,1.0,train
image_id_758.jpg,0.6468750238418579,0.1890624761581421,0.8828125,0.8031249940395355,2.0,train
image_id_759.jpg,0.2734631780140981,0.5653560656220826,0.7310454186083947,1.0,1.0,train
image_id_760.jpg,0.1515818220990537,0.3140630221456833,0.7155558649259726,0.8160284744556613,1.0,train
image_id_761.jpg,0.4067101138062711,0.2257691522870969,0.6700088360366613,0.7703681266716063,1.0,train
image_id_762.jpg,0.2593749761581421,0.4390625059604645,0.6968750059604645,0.776562511920929,1.0,train
image_id_763.jpg,0.2515624761581421,0.246874988079071,0.6953125,0.5796875059604645,2.0,train
image_id_764.jpg,0.4953125119209289,0.1546874940395355,0.7671875059604645,0.7015625238418579,1.0,train
image_id_765.jpg,0.166036474743221,0.2588905969689329,0.8686671499998437,0.7321612466542418,2.0,train
image_id_766.jpg,0.0859375,0.359375,0.637499988079071,0.6328125,2.0,train
image_id_767.jpg,0.0,0.0,0.4673943752199719,0.0128255131584697,2.0,train
image_id_768.jpg,0.1427066365176294,0.3949941337452057,0.8321157152176262,0.7874168586132527,2.0,train
image_id_769.jpg,0.2484374940395355,0.1437500119209289,0.690625011920929,0.4984375238418579,1.0,train
image_id_770.jpg,0.620312511920929,0.2421875,0.8312499970197678,0.989062488079071,1.0,train
image_id_771.jpg,0.0,0.9785014083056186,0.2128303783410946,1.0,2.0,train
image_id_772.jpg,0.0,0.0,0.0340892998709201,0.2367057349985468,2.0,train
image_id_773.jpg,0.8124969333083204,0.0,1.0,0.0468684810755094,2.0,train
image_id_774.jpg,0.0,0.0,0.1428209130247422,0.0512940095875495,1.0,train
image_id_775.jpg,0.0,0.0,6.329445028891989e-05,0.2568121419712399,1.0,train
image_id_776.jpg,0.1938376993683377,0.3477984006757227,0.7584530688804594,0.8036512010938417,2.0,train
image_id_777.jpg,0.0671875029802322,0.3078125119209289,0.465624988079071,0.714062511920929,1.0,train
image_id_778.jpg,0.0,0.0,0.2420506461004185,0.031502157981354,2.0,train
image_id_779.jpg,0.2192210360550711,0.1790747242667219,0.7630902899099511,0.8191445161067413,2.0,train
image_id_780.jpg,0.1046874970197677,0.7249999940395355,0.7593749761581421,0.974999999627471,1.0,train
image_id_781.jpg,0.203125,0.40625,0.8718750029802322,0.651562511920929,1.0,train
image_id_782.jpg,0.0,0.0,0.0224225019755439,0.34985732638231,2.0,train
image_id_783.jpg,0.528124988079071,0.309374988079071,0.928125001490116,0.7250000238418579,1.0,train
image_id_784.jpg,0.2367740376120073,0.3317081826174193,0.7566346782920084,0.8430839615132768,1.0,train
image_id_785.jpg,0.1734375059604644,0.2687500119209289,0.4124999940395355,0.9765625,1.0,train
image_id_786.jpg,0.4136578504606555,0.0608755366055578,0.8906983576872468,0.6958310951959725,1.0,train
image_id_787.jpg,0.0,0.8061347687739726,0.2410027235874226,1.0,2.0,train
image_id_788.jpg,0.293749988079071,0.3937500119209289,0.690625011920929,0.824999988079071,1.0,train
image_id_789.jpg,0.0851212445334416,0.3158383731128867,0.7319334709976298,0.9120895507861274,2.0,train
image_id_790.jpg,0.2588107007182638,0.301846442573772,0.9167932277092866,0.7424867380583151,2.0,train
image_id_791.jpg,0.3921875059604645,0.317187488079071,0.973437488079071,0.6171875,2.0,train
image_id_792.jpg,0.0992059331056592,0.395636802464579,0.7047015812567035,0.9404390901473878,2.0,train
image_id_793.jpg,0.4296875,0.106249988079071,0.6781250238418579,0.8203125,1.0,train
image_id_794.jpg,0.1906250119209289,0.390625,0.7562499940395355,0.7046874761581421,2.0,train
image_id_795.jpg,0.3359375,0.3812499940395355,0.8390624970197678,0.734375,1.0,train
image_id_796.jpg,0.1893582186361515,0.3604257837317141,0.870074649543181,0.936765758054674,1.0,train
image_id_797.jpg,0.4359374940395355,0.356249988079071,0.875,0.7640624940395355,2.0,train
image_id_798.jpg,0.0,0.8603798874792504,0.130108855509005,1.0,2.0,train
image_id_799.jpg,0.018750000745058,0.2000000029802322,0.4875000119209289,0.5843750238418579,2.0,train
image_id_800.jpg,0.2562499940395355,0.129687488079071,0.503125011920929,0.8671875,1.0,train
image_id_801.jpg,0.2203125059604644,0.2906250059604645,0.75,0.635937511920929,2.0,train
image_id_802.jpg,0.364062488079071,0.0593749992549419,0.6015625,0.832812488079071,1.0,train
image_id_803.jpg,0.2937851598987852,0.2771141001778422,0.8148865580307614,0.7625820132663232,2.0,train
image_id_804.jpg,0.578125,0.21875,0.964062500745058,0.6953125,2.0,train
image_id_805.jpg,0.2828125059604645,0.3203125,0.714062511920929,0.746874988079071,1.0,train
image_id_806.jpg,0.3526229964608349,0.2429789849973212,0.8315370083743769,0.885903159154882,1.0,train
image_id_807.jpg,0.0,0.0,0.0044319287175465,0.4788392662069108,2.0,train
image_id_808.jpg,0.0,0.4740201683185781,0.4205288297104312,1.0,1.0,train
image_id_809.jpg,0.1734375059604644,0.1953125,0.676562488079071,0.567187488079071,2.0,train
image_id_810.jpg,0.2427230463025331,0.3318328485101535,0.938896884923938,0.8365904018409491,2.0,train
image_id_811.jpg,0.3859375119209289,0.3609375059604645,0.6937500238418579,0.971875011920929,1.0,train
image_id_812.jpg,0.4203283398746953,0.0653300969534985,0.9985343957282624,0.8043406943622597,2.0,train
image_id_813.jpg,0.001562500023283,0.557812511920929,0.598437488079071,0.878125011920929,2.0,train
image_id_814.jpg,0.0,0.0,0.2861154641621709,0.0237739411120184,1.0,train
image_id_815.jpg,0.0609375014901161,0.1859374940395355,0.574999988079071,0.5625,2.0,train
image_id_816.jpg,0.1848255099597705,0.1193732712547381,0.7105219252220492,0.7781321986241918,1.0,train
image_id_817.jpg,0.137499988079071,0.3609375059604645,0.698437511920929,0.7093750238418579,1.0,train
image_id_818.jpg,0.5375000238418579,0.1828125119209289,0.946874976158142,0.660937488079071,2.0,train
image_id_819.jpg,0.40625,0.309374988079071,0.8421875238418579,0.7640625238418579,1.0,train
image_id_820.jpg,0.0,0.3921875059604645,0.6624999940395355,0.692187488079071,1.0,train
image_id_821.jpg,0.0,0.0,0.0302839876185323,0.4542976609126453,2.0,train
image_id_822.jpg,0.2488109349159953,0.0674606990121757,0.9867787742748082,0.7497690131552119,2.0,train
image_id_823.jpg,0.8975237834914399,0.0,1.0,0.1288240262869212,2.0,train
image_id_824.jpg,0.2171875238418579,0.2562500238418579,0.7093749940395355,0.6656250059604645,2.0,train
image_id_825.jpg,0.5531249940395355,0.3359375,0.8828125,0.948437511920929,1.0,train
image_id_826.jpg,0.3687499761581421,0.1890625059604644,0.6484375,0.912500023841858,1.0,train
image_id_827.jpg,0.0874999985098838,0.2515625059604645,0.3859375119209289,0.932812511920929,1.0,train
image_id_828.jpg,0.2390625029802322,0.296875,0.707812488079071,0.731249988079071,2.0,train
image_id_829.jpg,0.1828194162768087,0.1549486550119485,0.8360209368798218,0.981486840928125,1.0,train
image_id_830.jpg,0.512499988079071,0.4640625119209289,0.8968750238418579,1.0,1.0,train
image_id_831.jpg,0.934878196976734,0.0,1.0,0.0317379841887719,1.0,train
image_id_832.jpg,0.1437500119209289,0.0140624996274709,0.442187488079071,0.7109375,2.0,train
image_id_833.jpg,0.0718749985098838,0.496874988079071,0.6968749761581421,0.8296875059604645,1.0,train
image_id_834.jpg,0.0,0.0,0.0711240569011777,0.3535297202799839,1.0,train
image_id_835.jpg,0.2984375059604645,0.1828125119209289,0.7171875238418579,0.684374988079071,1.0,train
image_id_836.jpg,0.3531249761581421,0.356249988079071,1.0,0.6812499761581421,2.0,train
image_id_837.jpg,0.1515625119209289,0.356249988079071,0.7484374940395355,0.7093750238418579,2.0,train
image_id_838.jpg,0.0,0.0,0.0329015046981632,0.3108978230739134,2.0,train
image_id_839.jpg,0.0,0.8619624607737796,0.1878984855522678,1.0,1.0,train
image_id_840.jpg,0.064062476158142,0.503125011920929,0.6421875059604645,0.875,2.0,train
image_id_841.jpg,0.0,0.0,0.2218615211337598,0.1710040867955974,2.0,train
image_id_842.jpg,0.3617657466306183,0.3497458646836877,0.855459753424746,0.8081108454721273,2.0,train
image_id_843.jpg,0.2171875238418579,0.3499999940395355,0.651562511920929,0.8531249761581421,1.0,train
image_id_844.jpg,0.7494016922828218,0.0,1.0,0.0382919035999224,1.0,train
image_id_845.jpg,0.223437488079071,0.0828125029802322,0.746874988079071,0.5078125,1.0,train
image_id_846.jpg,0.1308485042781425,0.2370248265168861,0.7985290405787672,0.823948797392433,2.0,train
image_id_847.jpg,0.0970517266082599,0.2697759776206992,0.6158949666121192,0.7947183213712666,2.0,train
image_id_848.jpg,0.3812500238418579,0.0218749996274709,0.621874988079071,0.9765625,1.0,train
image_id_849.jpg,0.3531250059604645,0.1296875029802322,0.6421874761581421,0.926562488079071,1.0,train
image_id_850.jpg,0.0,0.0406039760084865,0.0979467246840072,0.7056596664418338,1.0,train
image_id_851.jpg,0.1015625,0.296875,0.528124988079071,0.839062511920929,1.0,train
image_id_852.jpg,0.0997963707077976,0.1777094015634814,0.6060559373176422,0.7750027525028188,1.0,train
image_id_853.jpg,0.2203124761581421,0.2281250059604644,0.534375011920929,0.978124976158142,2.0,train
image_id_854.jpg,0.4140625,0.203125,0.8828125,0.707812488079071,2.0,train
image_id_855.jpg,0.2906632353137973,0.1475341062162362,0.812959438917086,0.8014148855595156,2.0,train
image_id_856.jpg,0.0,0.0,0.0558868889727271,0.4802099622263696,2.0,train
image_id_857.jpg,0.2765625119209289,0.301562488079071,0.7843749970197678,0.7718750238418579,2.0,train
image_id_858.jpg,0.324999988079071,0.2671875059604645,1.0,0.621874988079071,2.0,train
image_id_859.jpg,0.4515625238418579,0.2953124940395355,0.7984375059604645,0.998437523841858,1.0,train
image_id_860.jpg,0.4868269127340923,0.2123275625604819,0.9370741858649264,0.8768474372550192,1.0,train
image_id_861.jpg,0.1937499940395355,0.356249988079071,0.8421875238418579,0.734375,2.0,train
image_id_862.jpg,0.0292819488198474,0.3889066983308123,0.9062050892864268,0.7376583835717729,2.0,train
image_id_863.jpg,0.0,0.0,0.2337967892290338,0.0661653268204126,1.0,train
image_id_864.jpg,0.1968749761581421,0.387499988079071,0.7562499940395355,0.832812488079071,1.0,train
image_id_865.jpg,0.0,0.2609375119209289,0.5609374940395355,0.706250011920929,2.0,train
image_id_866.jpg,0.0,0.0,0.237553349266239,0.0337366293028048,2.0,train
image_id_867.jpg,0.095312476158142,0.340624988079071,0.8718750029802322,0.6640625,1.0,train
image_id_868.jpg,0.1781250238418579,0.2562499940395355,0.5875000059604645,0.870312511920929,1.0,train
image_id_869.jpg,0.0296874996274709,0.4468749761581421,0.8578125238418579,0.7515625059604645,2.0,train
image_id_870.jpg,0.0650362555218521,0.3079949531509621,0.6943745570963735,1.0,2.0,train
image_id_871.jpg,0.1437500119209289,0.317187488079071,0.8562500029802322,0.676562488079071,2.0,train
image_id_872.jpg,0.2080031780283702,0.0872341679048931,0.7611234961421643,0.7586119488078453,1.0,train
image_id_873.jpg,0.0,0.5605140998883538,0.1012982901434058,1.0,2.0,train
image_id_874.jpg,0.0,0.0,0.1231368550181226,0.4451456195024427,2.0,train
image_id_875.jpg,0.192187488079071,0.21875,0.6796875,0.7546875029802322,1.0,train
image_id_876.jpg,0.0,0.0,0.1886866932713117,0.1705255131093355,1.0,train
image_id_877.jpg,0.2281249761581421,0.1984374970197677,0.6812500059604645,0.784375011920929,1.0,train
image_id_878.jpg,0.2847111492164746,0.2013097608415258,0.6630620999150003,0.8891200767554622,1.0,train
image_id_879.jpg,0.001562500023283,0.481249988079071,0.620312511920929,0.9140625,2.0,train
image_id_880.jpg,0.5529384818567842,0.1389454095833726,0.8803369220094446,0.9316300751856282,1.0,train
image_id_881.jpg,0.0,0.0869131568033393,0.0640627365516429,0.7033615769601033,2.0,train
image_id_882.jpg,0.3296875059604645,0.309374988079071,0.998437523841858,0.714062511920929,2.0,train
image_id_883.jpg,0.1752440878596412,0.4769645612479145,0.8909917191795547,0.956251861658706,2.0,train
image_id_884.jpg,0.2296875119209289,0.2000000029802322,0.7281250059604645,0.7437499761581421,1.0,train
image_id_885.jpg,0.387499988079071,0.1640625,0.746874988079071,0.926562488079071,1.0,train
image_id_886.jpg,0.0593749992549419,0.332812488079071,0.573437511920929,0.871874988079071,2.0,train
image_id_887.jpg,0.0218750238418579,0.3765625059604645,0.859375,0.707812488079071,2.0,train
image_id_888.jpg,0.0234375,0.3203125,0.8218750059604645,0.668749988079071,2.0,train
image_id_889.jpg,0.3359375,0.1609375029802322,0.7093749940395355,0.90625,1.0,train
image_id_890.jpg,0.7787421838822857,0.0,1.0,0.0890460926387432,1.0,train
image_id_891.jpg,0.0,0.0,0.4148490922070157,0.0789530015001627,2.0,train
image_id_892.jpg,0.3390625119209289,0.1843750029802322,0.7703125029802322,0.8609374761581421,1.0,train
image_id_893.jpg,0.0,0.1945004380314969,0.0661483990720827,0.7531840717084665,2.0,train
image_id_894.jpg,0.0,0.157286920268321,0.7837372908430665,0.913121682803299,2.0,train
image_id_895.jpg,0.2562499940395355,0.145312488079071,0.6796875,0.8453125059604645,2.0,train
image_id_896.jpg,0.1937499940395355,0.262499988079071,0.7359374761581421,0.809374988079071,1.0,train
image_id_897.jpg,0.0,0.0,0.2990442446689888,0.2562709957645273,1.0,train
image_id_898.jpg,0.2151939088277695,0.3262190084381349,0.99165516010031,0.8135476822329568,2.0,train
image_id_899.jpg,0.0140625238418579,0.4937499761581421,0.9609375,0.8140625059604645,1.0,train
image_id_900.jpg,0.25,0.262499988079071,0.840624988079071,0.776562511920929,2.0,train
image_id_901.jpg,0.2249999940395355,0.465624988079071,0.7984374761581421,0.998437523841858,2.0,train
image_id_902.jpg,0.2565356301901011,0.2846908839035647,0.8098320642918431,0.9512893717730722,1.0,train
image_id_903.jpg,0.1741620179563501,0.0816299349489349,1.0,0.9182548113785938,2.0,train
image_id_904.jpg,0.3788095063742346,0.0459949738767084,0.7369699001310537,0.9671496127411484,1.0,train
image_id_905.jpg,0.0,0.0,0.0303099668539772,0.2157577284421032,2.0,train
image_id_906.jpg,0.1163374512332122,0.2850165619565076,0.7560814517865213,0.977237249802726,2.0,train
image_id_907.jpg,0.4025804896081831,0.2146189509904772,0.8600754511641302,0.913810386183329,1.0,train
image_id_908.jpg,0.2171874940395355,0.1390625238418579,0.7015625238418579,0.796875,2.0,train
image_id_909.jpg,0.6166966745337238,0.0,1.0,0.1393971985993956,2.0,train
image_id_910.jpg,0.1609375029802322,0.2609375119209289,0.935937523841858,0.676562488079071,2.0,train
image_id_911.jpg,0.161079903734788,0.0,0.5964924124911206,0.046410893439913,2.0,train
image_id_912.jpg,0.1448880911225389,0.1573787601869306,0.9320151273833844,0.834986927263877,2.0,train
image_id_913.jpg,0.265625,0.356249988079071,0.870312511920929,0.8984375,1.0,train
image_id_914.jpg,0.0,0.0,0.2956710733550694,0.3579410222247982,1.0,train
image_id_915.jpg,0.2515624761581421,0.001562500023283,0.6328125,0.871874988079071,2.0,train
image_id_916.jpg,0.0234375,0.270312488079071,0.6937499940395355,0.765625,2.0,train
image_id_917.jpg,0.2734375,0.067187488079071,0.653124988079071,0.949999999254942,1.0,train
image_id_918.jpg,0.0,0.6065731161697048,0.0944550377006544,1.0,1.0,train
image_id_919.jpg,0.278124988079071,0.1859374940395355,0.7250000238418579,0.940625011920929,1.0,train
image_id_920.jpg,0.0865175894094239,0.0806674495264368,0.8842221023203738,1.0,1.0,train
image_id_921.jpg,0.1609375029802322,0.1812500059604644,0.6234375238418579,0.9140625,1.0,train
image_id_922.jpg,0.015625,0.4296875,1.0,0.776562511920929,2.0,train
image_id_923.jpg,0.1316530419935516,0.2398234002454057,0.8749446786777559,0.8969287067293548,2.0,train
image_id_924.jpg,0.110937476158142,0.4484375119209289,0.96875,0.8468749970197678,1.0,train
image_id_925.jpg,0.2265625,0.121874988079071,0.7750000059604645,0.7484374940395355,2.0,train
image_id_926.jpg,0.2171875238418579,0.2515625059604645,0.9015624970197678,0.754687488079071,2.0,train
image_id_927.jpg,0.1143163397558339,0.055305793408757,0.6146256104426586,1.0,1.0,train
image_id_928.jpg,0.2259313422774834,0.0644790355279799,0.8445572774131864,0.8798863706771083,1.0,train
image_id_929.jpg,0.1656249761581421,0.246874988079071,0.7203125059604645,0.8812500014901161,1.0,train
image_id_930.jpg,0.0328124985098838,0.1124999970197677,0.496874988079071,0.875,1.0,train
image_id_931.jpg,0.0,0.0,0.246713636136944,0.0717889312525642,1.0,train
image_id_932.jpg,0.340624988079071,0.001562500023283,0.698437511920929,1.0,1.0,train
image_id_933.jpg,0.2919322982063921,0.0,1.0,0.0001988400790106,2.0,train
image_id_934.jpg,0.1853592476881395,0.153058857659006,0.8118956538400276,0.8076477460737983,2.0,train
image_id_935.jpg,0.0,0.0,0.4110825919411504,0.2201537855221453,1.0,train
image_id_936.jpg,0.0,0.5563826805436569,0.156750875593408,1.0,1.0,train
image_id_937.jpg,0.1654833471145185,0.003468526175192,0.8128571957497985,0.959136933472132,2.0,train
image_id_938.jpg,0.0437499992549419,0.3218750059604645,0.7562500238418579,0.8343750238418579,1.0,train
image_id_939.jpg,0.1515624970197677,0.2000000029802322,0.7328125238418579,0.832812488079071,1.0,train
image_id_940.jpg,0.001562476158142,0.1984374970197677,0.692187488079071,0.731249988079071,1.0,train
image_id_941.jpg,0.7069720014049189,0.0,1.0,0.1723713608140743,1.0,train
image_id_942.jpg,0.3078125119209289,0.1203125119209289,0.8562500029802322,0.8031249940395355,1.0,train
image_id_943.jpg,0.125,0.090624988079071,0.5390625,0.9953124998137356,2.0,train
image_id_944.jpg,0.4736346910741316,0.0,1.0,0.0307911479500601,2.0,train
image_id_945.jpg,0.2156250029802322,0.3359375,0.7890625,0.998437523841858,1.0,train
image_id_946.jpg,0.1714327016452926,0.1089719867040545,0.6644064207865761,1.0,1.0,train
image_id_947.jpg,0.3359375,0.0640624985098838,0.7640625238418579,0.975000023841858,1.0,train
image_id_948.jpg,0.1671875119209289,0.1734375059604644,0.7859375029802322,0.8062499761581421,1.0,train
image_id_949.jpg,0.496874988079071,0.0968749970197677,0.998437523841858,0.878125011920929,1.0,train
image_id_950.jpg,0.4232367096698101,0.1147727241535239,1.0,0.9989175144092868,1.0,train
image_id_951.jpg,0.128985669176264,0.1391956168929097,0.9865752982827948,0.8351187486794496,2.0,train
image_id_952.jpg,0.0593749992549419,0.0234375,0.970312476158142,0.4562500119209289,1.0,train
image_id_953.jpg,0.168749988079071,0.0859375,0.721875011920929,0.7999999970197678,1.0,train
image_id_954.jpg,0.1269498469678647,0.0110805610749712,0.5309420057029975,0.9790986427478736,1.0,train
image_id_955.jpg,0.1602409135345436,0.1404589668771308,0.7188298557182573,1.0,1.0,train
image_id_956.jpg,0.262691130135968,0.0,0.7086357772555635,0.0148213968817775,1.0,train
image_id_957.jpg,0.0,0.0,0.0755686817946028,0.4805336199872099,2.0,train
image_id_958.jpg,0.0,0.0,0.6113045345127175,0.0673495431545767,1.0,train
image_id_959.jpg,0.1968749761581421,0.087499976158142,0.6421875059604645,0.9984374999767168,2.0,train
image_id_960.jpg,0.03125,0.1843750029802322,0.546875,0.984375,1.0,train
image_id_961.jpg,0.0,0.0,0.4736893089531865,0.2081240945581311,2.0,train
image_id_962.jpg,0.234375,0.1890624761581421,0.9937499999068676,0.7359375059604645,2.0,train
image_id_963.jpg,0.0546875,0.1671874970197677,0.7593750059604645,0.7593749761581421,2.0,train
image_id_964.jpg,0.0,0.2878972852653402,1.0,0.9019451074362936,1.0,train
image_id_965.jpg,0.0984375029802322,0.1734375059604644,0.8031250238418579,0.7734375,2.0,train
image_id_966.jpg,0.1471113374661825,0.2072470602677714,0.7358639954561889,1.0,2.0,train
image_id_967.jpg,0.2328125238418579,0.1593749970197677,0.8531250059604645,0.854687511920929,2.0,train
image_id_968.jpg,0.0,0.3667363717786235,0.1566099341738466,1.0,2.0,train
image_id_969.jpg,0.3281101584765465,0.0,1.0,0.9736899961288636,1.0,train
image_id_970.jpg,0.0,0.0,0.3705442208530655,0.1827358869012847,1.0,train
image_id_971.jpg,0.4015070490408012,0.0,1.0,0.003438920118318,2.0,train
image_id_972.jpg,0.1203125119209289,0.1609375029802322,0.8578124940395355,0.7562500238418579,2.0,train
image_id_973.jpg,0.1890625059604644,0.0484374985098838,0.6656249761581421,0.971875011920929,1.0,train
image_id_974.jpg,0.2515624761581421,0.1359374970197677,0.8203125,0.910937488079071,1.0,train
image_id_975.jpg,0.1765625029802322,0.1875,0.796875,0.8984375,2.0,train
image_id_976.jpg,0.0,0.579775432147529,0.1265190200044797,1.0,2.0,train
image_id_977.jpg,0.0,0.0,0.4279488284991745,0.1940389908619418,2.0,train
image_id_978.jpg,0.5526722987224415,0.0,1.0,0.1809736031678056,1.0,train
image_id_979.jpg,0.0828125029802322,0.2218749970197677,0.931249976158142,0.75,2.0,train
image_id_980.jpg,0.0,0.6432475771981204,0.2423549654370936,1.0,2.0,train
image_id_981.jpg,0.8415936740475558,0.0,1.0,0.1796833997777115,2.0,train
image_id_982.jpg,0.1578125059604644,0.1656250059604644,0.890625,0.792187511920929,2.0,train
image_id_983.jpg,0.1421874761581421,0.0765625014901161,0.6578125059604645,0.967187523841858,1.0,train
image_id_984.jpg,0.265625,0.0500000119209289,0.7796875238418579,0.951562501490116,2.0,train
image_id_985.jpg,0.0,0.0,0.1062931097087621,0.6984671049244129,2.0,train
image_id_986.jpg,0.0,0.0,0.6807621384607293,0.0016854960265945,1.0,train
image_id_987.jpg,0.176562488079071,0.0750000029802322,0.7359375059604645,0.917187511920929,1.0,train
image_id_988.jpg,0.6296861404847436,0.0,1.0,0.2119687965109727,2.0,train
image_id_989.jpg,0.0,0.3703125119209289,0.7515625059604645,1.0,1.0,train
image_id_990.jpg,0.4486251692280688,0.0,1.0,0.0331783463074198,1.0,train
image_id_991.jpg,0.1859374940395355,0.0359374992549419,0.6781250238418579,0.998437523841858,1.0,train
image_id_992.jpg,0.2062499970197677,0.1046874970197677,0.8984375,0.793749988079071,2.0,train
image_id_993.jpg,0.0,0.0,0.3735818330541035,0.1903409061754925,1.0,train
image_id_994.jpg,0.3468750119209289,0.1187499985098838,0.949999999254942,0.9140625,1.0,train
image_id_995.jpg,0.0703125,0.0218750238418579,0.5609374940395355,1.0,1.0,train
image_id_996.jpg,0.0,0.0,0.428987110142411,0.0672636995496109,2.0,train
image_id_997.jpg,0.0,0.0,0.3269050911369523,0.2424103821859276,2.0,train
image_id_998.jpg,0.34375,0.0874999985098838,0.890625,0.990625023841858,1.0,train
image_id_999.jpg,0.3918417870596134,0.0,1.0,0.0463205850675502,1.0,train
image_id_1000.jpg,0.0656249970197677,0.1000000014901161,0.6859375238418579,0.8968750238418579,1.0,train
image_id_1001.jpg,0.1578124761581421,0.0078125,0.6734375059604645,0.970312500372529,2.0,train
image_id_1002.jpg,0.1014650963594912,0.1352250361627842,0.9906816311457948,0.9604661595996704,2.0,train
image_id_1003.jpg,0.6761934818231692,0.0,1.0,0.0964268494036323,1.0,train
image_id_1004.jpg,0.0491042048014247,0.1206733914187569,0.9550600057143008,1.0,2.0,train
image_id_1005.jpg,0.1906250119209289,0.078125,0.7999999970197678,0.904687501490116,2.0,train
image_id_1006.jpg,0.0701551860103239,0.0341547643619209,0.6990215448645467,0.9054594724396796,1.0,train
image_id_1007.jpg,0.1640625,0.254687488079071,0.8484375029802322,1.0,2.0,train
image_id_1008.jpg,0.4616704682425551,0.0,1.0,0.2158868070948295,2.0,train
image_id_1009.jpg,0.1781249940395355,0.1015625,0.753125011920929,0.998437523841858,1.0,train
image_id_1010.jpg,0.5459039646501911,0.0,1.0,0.2459755900875554,2.0,train
image_id_1011.jpg,0.0,0.0,0.3527430564754596,0.3695810711262156,1.0,train
image_id_1012.jpg,0.4372027448168029,0.0,1.0,0.112958249880472,2.0,train
image_id_1013.jpg,0.0,0.0,0.4235678275060904,0.0617899831761766,1.0,train
image_id_1014.jpg,0.0,0.2260109576372564,0.0002760571663244,0.932174478444674,2.0,train
image_id_1015.jpg,0.1169364488983445,0.0,0.7747367928467849,0.0092808877603323,1.0,train
image_id_1016.jpg,0.0343750119209289,0.2312500029802322,0.981249999254942,0.807812511920929,2.0,train
image_id_1017.jpg,0.0,0.0,0.4401513637555997,0.2627971090944779,1.0,train
image_id_1018.jpg,0.1734375059604644,0.125,0.907812476158142,0.8812500238418579,1.0,train
image_id_1019.jpg,0.2062499970197677,0.0109375119209289,0.807812511920929,0.9343750029802322,1.0,train
image_id_1020.jpg,0.0,0.1468750238418579,0.739062488079071,0.90625,1.0,train
image_id_1021.jpg,0.059374988079071,0.2484374940395355,0.907812498509884,0.910937488079071,1.0,train
image_id_1022.jpg,0.0358006962672014,0.0936420665701736,0.981993306095329,0.9497741821076702,2.0,train
image_id_1023.jpg,0.1468750238418579,0.215624988079071,0.8703124970197678,0.9984374999767168,2.0,train
image_id_1024.jpg,0.4367712788014174,0.0,1.0,0.1424285602942359,1.0,train
image_id_1025.jpg,0.3851666642293719,0.0,1.0,0.1496061853815816,2.0,train
image_id_1026.jpg,0.2093750238418579,0.1281249970197677,0.8734374940395355,1.0,1.0,train
image_id_1027.jpg,0.0,0.0512872198744194,1.0,0.9799649897876233,1.0,train
image_id_1028.jpg,0.0359374992549419,0.1359374970197677,0.878125011920929,0.8453124761581421,2.0,train
image_id_1029.jpg,0.0,0.0,0.5102926191709514,0.3301226273486796,2.0,train
image_id_1030.jpg,0.0,0.0,0.6645284518857327,0.0922704342257254,1.0,train
image_id_1031.jpg,0.0109374998137354,0.1421874761581421,0.8765624761581421,0.8515625,2.0,train
image_id_1032.jpg,0.6675144659066329,0.0,1.0,0.3865659847205182,1.0,train
image_id_1033.jpg,0.1441595136437092,0.0,1.0,0.0626347407304865,1.0,train
image_id_1034.jpg,0.0,0.0,0.6798302068899558,0.0838879671846193,1.0,train
image_id_1035.jpg,0.1693587895413619,0.0,1.0,0.0605600739501684,1.0,train
image_id_1036.jpg,0.0,0.1539697517901444,0.988434449365768,0.8762107735272611,2.0,train
image_id_1037.jpg,0.0281249992549419,0.1968750059604644,0.9921875,0.875,1.0,train
image_id_1038.jpg,0.0863374557875527,0.1867001176323974,0.9498336543652776,0.9318080554141212,2.0,train
image_id_1039.jpg,0.3624204913983473,0.0,1.0,0.1444157907366997,1.0,train
image_id_1040.jpg,0.4385142518046657,0.0,1.0,0.2631623003437244,2.0,train
image_id_1041.jpg,0.5547452500722524,0.0,1.0,0.2869981616013323,1.0,train
image_id_1042.jpg,0.0,0.0,0.7356230824456021,0.077793299906046,1.0,train
image_id_1043.jpg,0.0,0.0,0.6220734293822848,0.2063036368147,1.0,train
image_id_1044.jpg,0.4389818602575966,0.0,1.0,0.2372420251657065,2.0,train
image_id_1045.jpg,0.0,0.0468502547456977,1.0,0.97951784850545,2.0,train
